{
	"body":
	{
		"type": "m_med_nrw"
	},
	"face":
	{
		"freckles":
		{
			"option": "Freckles1",
			"density": 0.5,
			"saturation": 0.5,
			"strength": 0.16755318641662598,
			"toneShift": 0.5
		},
		"accents":
		{
			"scalp":
			{
				"redness": 0,
				"saturation": 0,
				"lightness": 0
			},
			"forehead":
			{
				"redness": 0,
				"saturation": 0,
				"lightness": 0
			},
			"nose":
			{
				"redness": 0,
				"saturation": 0,
				"lightness": 0
			},
			"underEye":
			{
				"redness": 0,
				"saturation": 0,
				"lightness": 0
			},
			"cheeks":
			{
				"redness": 0,
				"saturation": 0,
				"lightness": 0
			},
			"lips":
			{
				"redness": 0,
				"saturation": 0,
				"lightness": 0
			},
			"chin":
			{
				"redness": 0,
				"saturation": 0,
				"lightness": 0
			},
			"ears":
			{
				"redness": 0,
				"saturation": 0,
				"lightness": 0
			}
		},
		"leftEye":
		{
			"iris":
			{
				"option": "008",
				"color1UI":
				{
					"x": 0.78293395042419434,
					"y": 0.31666645407676697
				},
				"color1":
				{
					"r": 0.074213564395904541,
					"g": 0.039546236395835876,
					"b": 0.017641954123973846,
					"a": 1
				},
				"color2UI":
				{
					"x": 0.81661659479141235,
					"y": 0.18166646361351013
				},
				"color2":
				{
					"r": 0.051269456744194031,
					"g": 0.027320891618728638,
					"b": 0.012983032502233982,
					"a": 1
				},
				"bUseRadialBlend": true,
				"colorBalance": 0.65425533056259155,
				"colorBalanceSmoothness": 0.59242016077041626,
				"size": 0.4867020845413208,
				"saturation": 0.5,
				"limbusDarkAmount": 0.21742020547389984
			},
			"sclera":
			{
				"tintUI":
				{
					"x": 0.51796400547027588,
					"y": 0.40666645765304565
				},
				"tint":
				{
					"r": 0.98225057125091553,
					"g": 0.89626932144165039,
					"b": 0.79910272359848022,
					"a": 1
				},
				"brightness": 0.65226066112518311,
				"rotation": 0,
				"vascularity": 0.56050527095794678,
				"veinsRotation": 0.48869675397872925
			}
		},
		"rightEye":
		{
			"iris":
			{
				"option": "008",
				"color1UI":
				{
					"x": 0.78293395042419434,
					"y": 0.31666645407676697
				},
				"color1":
				{
					"r": 0.074213564395904541,
					"g": 0.039546236395835876,
					"b": 0.017641954123973846,
					"a": 1
				},
				"color2UI":
				{
					"x": 0.81661659479141235,
					"y": 0.18166646361351013
				},
				"color2":
				{
					"r": 0.051269456744194031,
					"g": 0.027320891618728638,
					"b": 0.012983032502233982,
					"a": 1
				},
				"bUseRadialBlend": true,
				"colorBalance": 0.65425533056259155,
				"colorBalanceSmoothness": 0.59242016077041626,
				"size": 0.4867020845413208,
				"saturation": 0.5,
				"limbusDarkAmount": 0.21742020547389984
			},
			"sclera":
			{
				"tintUI":
				{
					"x": 0.51796400547027588,
					"y": 0.40666645765304565
				},
				"tint":
				{
					"r": 0.98225057125091553,
					"g": 0.89626932144165039,
					"b": 0.79910272359848022,
					"a": 1
				},
				"brightness": 0.65226066112518311,
				"rotation": 0,
				"vascularity": 0.56050527095794678,
				"veinsRotation": 0.48869675397872925
			}
		},
		"teeth":
		{
			"teethColorUI":
			{
				"x": 0.34999999403953552,
				"y": 0.34999999403953552
			},
			"teethColor":
			{
				"r": 0.67954248189926147,
				"g": 0.52099555730819702,
				"b": 0.33716362714767456,
				"a": 1
			},
			"gumColorUI":
			{
				"x": 0.34999999403953552,
				"y": 0.34999999403953552
			},
			"gumColor":
			{
				"r": 0.39157247543334961,
				"g": 0.078187420964241028,
				"b": 0.064803265035152435,
				"a": 1
			},
			"plaqueColorUI":
			{
				"x": 0.34999999403953552,
				"y": 0.34999999403953552
			},
			"plaqueColor":
			{
				"r": 0.60382735729217529,
				"g": 0.41788506507873535,
				"b": 0.11443537473678589,
				"a": 1
			},
			"plaqueAmount": 0.11999999731779099
		},
		"makeup":
		{
			"foundation":
			{
				"bApplyFoundation": true,
				"color":
				{
					"r": 0.149959996342659,
					"g": 0.07618500292301178,
					"b": 0.054480001330375671,
					"a": 1
				},
				"intensity": 0,
				"roughness": 0.25,
				"concealer": 0.53856378793716431
			},
			"eyes":
			{
				"option": "None",
				"primaryColor":
				{
					"r": 0.1020829975605011,
					"g": 0.17411699891090393,
					"b": 0.25,
					"a": 1
				},
				"secondaryColor":
				{
					"r": 0,
					"g": 0,
					"b": 0,
					"a": 1
				},
				"roughness": 0.5,
				"transparency": 0,
				"metalness": 0
			},
			"blusher":
			{
				"option": "None",
				"color":
				{
					"r": 0.34509798884391785,
					"g": 0,
					"b": 0,
					"a": 1
				},
				"intensity": 0.40000000596046448,
				"roughness": 0.25
			},
			"lips":
			{
				"option": "None",
				"color":
				{
					"r": 0.25520798563957214,
					"g": 0.010634000413119793,
					"b": 0.022097999230027199,
					"a": 1
				},
				"roughness": 0.5,
				"transparency": 0
			}
		}
	},
	"textureSynthesis":
	{
		"bSkinUnlocked": true,
		"lowFrequency": 0.019946807995438576,
		"highFrequency": 0.90759998559951782,
		"contrast": 0.5,
		"skinToneUI":
		{
			"x": 0.85928124189376831,
			"y": 0.93666666746139526
		},
		"skinTone":
		{
			"r": 0.14995978772640228,
			"g": 0.076185382902622223,
			"b": 0.056128490716218948,
			"a": 1
		}
	},
	"grooms":
	{
		"hair":
		{
			"option": "RecedingHair",
			"length": 1,
			"bUseCustomProperties": true,
			"melaninAndRedness":
			{
				"x": 1,
				"y": 0.37378531694412231
			},
			"roughness": 0.37000000476837158,
			"whiteness": 0.82978719472885132,
			"lightness": 0.21143615245819092,
			"presetOption": "None",
			"bUseDyeColor": false,
			"dyeColor":
			{
				"r": 0.32156899571418762,
				"g": 0,
				"b": 0.69019597768783569,
				"a": 1
			},
			"bUseRegions": false,
			"regionsUV":
			{
				"x": 0.28189998865127563,
				"y": 0.25
			},
			"bUseRegionsColor": false,
			"regionsColor":
			{
				"r": 1,
				"g": 1,
				"b": 1,
				"a": 1
			},
			"regionsPresetOption": "None",
			"bUseOmbre": false,
			"ombreUV":
			{
				"x": 0.28189998865127563,
				"y": 0.25
			},
			"bUseOmbreColor": false,
			"ombreColor":
			{
				"r": 1,
				"g": 1,
				"b": 1,
				"a": 1
			},
			"ombreShift": 0.5,
			"ombreContrast": 0,
			"ombreIntensity": 1,
			"ombrePresetOption": "None",
			"bUseHighlights": false,
			"highlightsUV":
			{
				"x": 0.28189998865127563,
				"y": 0.25
			},
			"bUseHighlightsColor": false,
			"highlightsColor":
			{
				"r": 1,
				"g": 1,
				"b": 1,
				"a": 1
			},
			"highlightsBlending": 0.5,
			"highlightsIntensity": 0.5,
			"highlightsVariation": 0,
			"highlightsPresetOption": "None",
			"eyebrowsShading": 1,
			"eyebrowsMicroblading": 1,
			"bUseMaskModulation": false,
			"maskModulationOption": "None"
		},
		"eyebrows":
		{
			"option": "EyebrowsFlatThick",
			"length": 1,
			"bUseCustomProperties": false,
			"melaninAndRedness":
			{
				"x": 0.4347471296787262,
				"y": 0
			},
			"roughness": 0.25,
			"whiteness": 0,
			"lightness": 0.5,
			"presetOption": "None",
			"bUseDyeColor": false,
			"dyeColor":
			{
				"r": 0.32156899571418762,
				"g": 0,
				"b": 0.69019597768783569,
				"a": 1
			},
			"bUseRegions": false,
			"regionsUV":
			{
				"x": 0.28189998865127563,
				"y": 0.25
			},
			"bUseRegionsColor": false,
			"regionsColor":
			{
				"r": 1,
				"g": 1,
				"b": 1,
				"a": 1
			},
			"regionsPresetOption": "None",
			"bUseOmbre": false,
			"ombreUV":
			{
				"x": 0.28189998865127563,
				"y": 0.25
			},
			"bUseOmbreColor": false,
			"ombreColor":
			{
				"r": 1,
				"g": 1,
				"b": 1,
				"a": 1
			},
			"ombreShift": 0.5,
			"ombreContrast": 0,
			"ombreIntensity": 1,
			"ombrePresetOption": "None",
			"bUseHighlights": false,
			"highlightsUV":
			{
				"x": 0.28189998865127563,
				"y": 0.25
			},
			"bUseHighlightsColor": false,
			"highlightsColor":
			{
				"r": 1,
				"g": 1,
				"b": 1,
				"a": 1
			},
			"highlightsBlending": 0.5,
			"highlightsIntensity": 0.5,
			"highlightsVariation": 0,
			"highlightsPresetOption": "None",
			"eyebrowsShading": 1,
			"eyebrowsMicroblading": 1,